SMILES,True_Label,RF_Prob,XGB_Prob,GCN_Prob,Hybrid_Prob,GCN_Error_Margin
c1ccc2sc(SNC3CCCCC3)nc2c1,1,0.61,0.95485526,0.16128304600715637,0.5056995129747601,0.33871695399284363
O=C(O)c1cc2ccccc2c(Cc2c(O)c(C(=O)O)cc3ccccc23)c1O,1,0.44,0.90637416,0.41115033626556396,0.5697984905410811,0.08884966373443604
O=C(Nc1ccccc1)Nc1cnns1,1,0.33,0.8828147,0.42717286944389343,0.5131984592239746,0.07282713055610657
c1ccc2sc(SSN3CCOCC3)nc2c1,1,0.64,0.9255088,0.4371821880340576,0.69297231048232,0.06281781196594238
CN(C)c1ccc(C(=C2C=CC(=[N+](C)C)C=C2)c2ccccc2)cc1.CN(C)c1ccc(C(=C2C=CC(=[N+](C)C)C=C2)c2ccccc2)cc1,1,0.425,0.8299367,0.44638460874557495,0.5573967678912989,0.05361539125442505
O=C(Nc1ccccc1)Nc1ccnc(Cl)c1,1,0.435,0.8888744,0.47776949405670166,0.6058287264979217,0.02223050594329834
COC(=O)Nc1nc2cc(S(=O)c3ccccc3)ccc2[nH]1,1,0.595,0.9136113,0.4854508340358734,0.6971717129660401,0.014549165964126587
O=C(NCCc1c[nH]c2ccccc12)c1cccnc1,1,0.475,0.82496864,0.49069052934646606,0.6117464447334854,0.009309470653533936
CN(C)c1ccc(C(=C2C=CC(=[N+](C)C)C=C2)c2ccc(N(C)C)cc2)cc1,1,0.715,0.9342968,0.4944821000099182,0.7593835808523938,0.005517899990081787
